﻿{
  "output_file": "settings.json",
    "OnlyLive": {
    "type": "checkbox",
    "value": false,
  	"label": "Only when live",
    "tooltip": "Command is only active when stream is live",
  	"group": "General"
  },
    "Command": {
    "type": "textbox",
    "value": "!mmr",
  	"label": "Command Name",
    "tooltip": "The command the bot will respond to",
  	"group": "General"
  },
    "Permission": {
    "type": "dropdown",
    "value": "Everyone",
    "items": ["Everyone","Regular","Subscriber","GameWisp Subscriber","User_Specific","Min_Rank","Min_Points","Min_Hours","Moderator","Editor","Caster"],
    "label": "Permission level",
    "tooltip": "Set the permission level for the command",
    "group": "General"
  },
    "PermissionInfo": {
    "type": "textbox",
    "value": "",
    "label": "Permission level info",
    "tooltip": "Set the user, rank or tier for permission",
    "group": "General"
  },
    "UseCD": {
    "type": "checkbox",
    "value": false,
  	"label": "Use Cooldown Messages",
    "tooltip": "Enable/Disable cooldown messages",
  	"group": "Cooldown"
  },
    "Cooldown": {
    "type": "numberbox",
  	"label": "Cooldown (seconds)",
    "value": 0,
    "tooltip": "Cooldown in seconds.",
  	"group": "Cooldown"
  },
   "OnCooldown": {
    "type": "textbox",
    "value": "{0} the command is still on cooldown for {1} seconds!",
  	"label": "Cooldown Response",
    "tooltip": "The message that the bot will display when the command is on cooldown. \r\n {0} = user \r\n {1} = time remaining",
  	"group": "Cooldown"
  },
    "UserCooldown": {
    "type": "numberbox",
  	"label": "User Cooldown (seconds)",
    "value": 10,
    "tooltip": "User cooldown in seconds.",
  	"group": "Cooldown"
  },
    "OnUserCooldown": {
    "type": "textbox",
    "value": "{0} the command is still on user cooldown for {1} seconds!",
  	"label": "User Cooldown Response",
    "tooltip": "The message that the bot will display when the command is on user cooldown. \r\n {0} = user \r\n {1} = time remaining",
   	"group": "Cooldown"
  },
    "BaseResponse": {
    "type": "textbox",
    "value": "{0} has an MMR of: {1}!",
    "label": "Success message",
    "tooltip": " {0} = user \r\n {1} = mmr",
    "group": "Responses"
  },
    "NoUserFoundResponse": {
    "type": "textbox",
    "value": "{0} mmr could not be found",
  	"label": "No user found response",
    "tooltip": "The message that the bot will display when the passed in user could not be found. \r\n {0} = user",
   	"group": "Responses"
  },
    "InvalidParameterCount": {
    "type": "textbox",
    "value": "Command not formatted properly, please try again",
  	"label": "Invalid Parameter Count Response",
    "tooltip": "The message that the bot will display when the parameters are incorrect",
   	"group": "Responses"
  },
    "BtnDefaults": {
		"type": "button",
		"label": "Restore Default Settings",
		"tooltip": "Reset settings back to defaults.\r\nReload Scripts afterwards to see the changes in the user interface!",
		"function": "SetDefaults",
		"wsevent": "",
		"group": "Restore Default"
	}
}
